<?xml version="1.0" encoding="UTF-8"?>
<component name="GetAPICall" extends="Task">
	<interface>
		<field id="userId" type="string" />
		<field id="content" type="assocarray" />
		<field id="status" type="string" />
	</interface>
	<script type="text/brightscript" uri="pkg:/source/utils/network/NetworkConnection.brs" />
	<script type="text/brightscript" uri="pkg:/components/GetAPICall.brs" />
	<!-- <script type="text/brightscript" uri="pkg:/source/models/RecentlyOnAirModel.brs" /> -->
</component>
