<?xml version="1.0" encoding="UTF-8"?>
<component name="VideoScreen" extends="Group"
    xmlns:xsi="http://www.w3.org/2001/XMLSchema-instance" xsi:schemaLocation="https://devtools.web.roku.com/schema/RokuSceneGraph.xsd">

    <script type="text/brightscript" uri="pkg:/components/VideoScreen.brs" />

    <interface>
        <field id = "removeVideoScreen" type="boolean" alwaysNotify="true"/>
        <field id = "url" type="string" alwaysNotify="true" onChange="onUrlReceived"/>
        <field id = "parentNode" type="node" alwaysNotify="true"/>
    </interface>

    <children>
        <Video id="liveStream" width="1920" height="1080" translation="[0,0]" enableScreenSaverWhilePlaying="false" enableUI="false" />

        <LoadingIndicator id="bufferingAnimation" visible = "false" imageUri="pkg:/images/loader.png" centered="false" backgroundColor="0x000000" imageWidth="100" text="Buffering..." />
        <Poster id="videoErrorPoster" visible="false" height="1080" width="1920" loadWidth = "1920" loadHeight = "1080" loadDisplayMode = "limitSize" uri="pkg:/images/liveNotAvailable.jpg"></Poster>

    </children>

</component>